{"long-best-threshold-f1": 0.41912246234446626, "long-best-threshold-precision": 0.42160737812911725, "long-best-threshold-recall": 0.4166666666666667, "long-best-threshold": 17.67715072631836, "long-recall-at-precision>=0.5": 0.3077256944444444, "long-precision-at-precision>=0.5": 0.5001763668430335, "long-recall-at-precision>=0.75": 0, "long-precision-at-precision>=0.75": 0, "long-recall-at-precision>=0.9": 0, "long-precision-at-precision>=0.9": 0, "short-best-threshold-f1": 0.29562982005141386, "short-best-threshold-precision": 0.33236994219653176, "short-best-threshold-recall": 0.2662037037037037, "short-best-threshold": 20.64846420288086, "short-recall-at-precision>=0.5": 0.109375, "short-precision-at-precision>=0.5": 0.5006622516556292, "short-recall-at-precision>=0.75": 0, "short-precision-at-precision>=0.75": 0, "short-recall-at-precision>=0.9": 0, "short-precision-at-precision>=0.9": 0}